STATION_ID,STATION_NAME,DISTRICT,LATITUDE,LONGITUDE,SOURCE_STATUS,COORDINATE_STATUS,GEOCODE_METHOD,GEOCODE_SOURCE
34,Angul,Angul,20.841,85.106,INDEXED,OFFICIAL-DDMP,Not_Geocoded,INDEXED
53,Atthamallik,Angul,20.71972,84.53,INDEXED,NOT_VERIFIED,ArcGIS_FireStation,ArcGIS
119,Bamur,Angul,21.0066884,84.4740594,INDEXED,NOT_VERIFIED,Geocoded,OpenStreetMap/Nominatim
264,Banarpal,Angul,20.7826777,85.1810505,INDEXED,NOT_VERIFIED,Geocoded,OpenStreetMap/Nominatim
102,Chhendipada,Angul,21.0631411,84.8669404,INDEXED,NOT_VERIFIED,Geocoded,OpenStreetMap/Nominatim
162,Kaniha,Angul,21.1013571,84.995989,INDEXED,NOT_VERIFIED,Geocoded,OpenStreetMap/Nominatim
52,Pallahara,Angul,21.4335788,85.1923501,INDEXED,NOT_VERIFIED,Geocoded,OpenStreetMap/Nominatim
40,Talcher,Angul,20.9458183,85.2111736,INDEXED,NOT_VERIFIED,Geocoded,OpenStreetMap/Nominatim
170,Ada,Balasore,21.49266,86.93348,INDEXED,NOT_VERIFIED,ArcGIS_FireStation,ArcGIS
338,Bahanaga,Balasore,21.35162,86.76735,INDEXED,NOT_VERIFIED,ArcGIS_FireStation,ArcGIS
2,Balasore,Balasore,21.495,86.938,OSM + MASTER,OSM_VERIFIED,Not_Geocoded,OSM + MASTER
163,Baliapal,Balasore,21.6539,87.28888,INDEXED,NOT_VERIFIED,ArcGIS_FireStation,ArcGIS
89,Basta,Balasore,21.68064,87.06553,INDEXED,NOT_VERIFIED,ArcGIS_FireStation,ArcGIS
159,Bhograi,Balasore,21.65585,87.35535,INDEXED,NOT_VERIFIED,ArcGIS_FireStation,ArcGIS
112,Jaleswar,Balasore,21.80176,87.2225,INDEXED,NOT_VERIFIED,ArcGIS_FireStation,ArcGIS
118,Khaira,Balasore,21.2836625,86.4715766,INDEXED,NOT_VERIFIED,Geocoded,OpenStreetMap/Nominatim
60,Nilagiri,Balasore,21.4633558,86.775451,INDEXED,NOT_VERIFIED,Geocoded,OpenStreetMap/Nominatim
210,Oupada,Balasore,21.32703,86.50467,INDEXED,NOT_VERIFIED,ArcGIS_FireStation,ArcGIS
180,Remuna,Balasore,21.52798,86.87156,INDEXED,NOT_VERIFIED,ArcGIS_FireStation,ArcGIS
71,Soro,Balasore,21.2911418,86.6923513,INDEXED,NOT_VERIFIED,Geocoded_Step2,OpenStreetMap/Nominatim
260,Ambabhona,Bargarh,21.57795,83.47603,INDEXED,NOT_VERIFIED,ArcGIS_FireStation,ArcGIS
226,Attabira,Bargarh,21.37395,83.78666,INDEXED,NOT_VERIFIED,ArcGIS_FireStation,ArcGIS
25,Baragarh,Bargarh,21.344185,83.6331417,INDEXED,THIRD-PARTY-LIST,Not_Geocoded,INDEXED
145,Barpali,Bargarh,21.1842092,83.5953985,INDEXED,NOT_VERIFIED,Geocoded,OpenStreetMap/Nominatim
248,Bhatli,Bargarh,21.344398,83.633353,INDEXED,NOT_VERIFIED,ArcGIS_FireStation,ArcGIS
259,Bheden,Bargarh,21.3245022,83.6427404,INDEXED,NOT_VERIFIED,Geocoded,OpenStreetMap/Nominatim
275,Bijepur,Bargarh,21.344398,83.633353,INDEXED,NOT_VERIFIED,ArcGIS_FireStation,ArcGIS
216,Gaisilet,Bargarh,20.9466912,83.2702125,INDEXED,NOT_VERIFIED,Geocoded,OpenStreetMap/Nominatim
331,Jharbandh,Bargarh,21.0590911,82.7930331,INDEXED,NOT_VERIFIED,Geocoded,OpenStreetMap/Nominatim
46,Padampur,Bargarh,18.7838815,82.7992145,INDEXED,NOT_VERIFIED,Geocoded_Step2,OpenStreetMap/Nominatim
176,Paikmal,Bargarh,21.344398,83.633353,INDEXED,NOT_VERIFIED,ArcGIS_FireStation,ArcGIS
198,Sohela,Bargarh,21.344398,83.633353,INDEXED,NOT_VERIFIED,ArcGIS_FireStation,ArcGIS
177,Agarpada,Bhadrak,21.1732272,86.3864636,INDEXED,NOT_VERIFIED,Geocoded,OpenStreetMap/Nominatim
100,Basudevpur,Bhadrak,21.1243427,86.7413149,INDEXED,NOT_VERIFIED,Geocoded,OpenStreetMap/Nominatim
11,Bhadrak,Bhadrak,21.0582737,86.4958396,INDEXED,VERIFIED/REFERENCE,Not_Geocoded,INDEXED
194,Bhandaripokhari,Bhadrak,20.962245,86.3660065,INDEXED,NOT_VERIFIED,Geocoded,OpenStreetMap/Nominatim
151,Chandabali,Bhadrak,20.8287719,86.7477946,INDEXED,NOT_VERIFIED,Geocoded,OpenStreetMap/Nominatim
80,Dhamnagar,Bhadrak,20.9114198,86.4377032,INDEXED,NOT_VERIFIED,Geocoded,OpenStreetMap/Nominatim
131,Dhamra,Bhadrak,20.7955666,86.9010186,INDEXED,NOT_VERIFIED,Geocoded,OpenStreetMap/Nominatim
122,Gadi,Bhadrak,20.8172,86.9546,INDEXED,NOT_VERIFIED,ArcGIS_FireStation,ArcGIS
310,Tihidi,Bhadrak,20.9464407,86.6678252,INDEXED,NOT_VERIFIED,Geocoded,OpenStreetMap/Nominatim
214,Agalpur,Bolangir,21.0126,83.40558,INDEXED,NOT_VERIFIED,ArcGIS_FireStation,ArcGIS
232,Bangomunda,Bolangir,20.34302,82.91136,INDEXED,NOT_VERIFIED,ArcGIS_FireStation,ArcGIS
276,Belapara,Bolangir,20.58892,82.97294,INDEXED,NOT_VERIFIED,ArcGIS_FireStation,ArcGIS
24,Bolangir,Bolangir,20.7010317,83.482981,INDEXED,NOT_VERIFIED,Geocoded,OpenStreetMap/Nominatim
270,Deogaon,Bolangir,20.54714,83.41928,INDEXED,NOT_VERIFIED,ArcGIS_FireStation,ArcGIS
138,Gudvella,Bolangir,20.4140275,83.5711568,INDEXED,NOT_VERIFIED,ArcGIS_FireStation,ArcGIS
298,Kantabanji,Bolangir,20.46709,82.92042,INDEXED,NOT_VERIFIED,ArcGIS_FireStation,ArcGIS
235,Khaprakhol,Bolangir,20.75101,82.86284,INDEXED,NOT_VERIFIED,ArcGIS_FireStation,ArcGIS
262,Loisingha,Bolangir,20.86667,83.51667,INDEXED,NOT_VERIFIED,ArcGIS_FireStation,ArcGIS
299,Mohimunda,Bolangir,20.4241,83.339,INDEXED,NOT_VERIFIED,ArcGIS_FireStation,ArcGIS
300,Muribahal,Bolangir,20.42942,82.71584,INDEXED,NOT_VERIFIED,ArcGIS_FireStation,ArcGIS
63,Patnagarh,Bolangir,20.705071,83.4855413,INDEXED,NOT_VERIFIED,Geocoded,OpenStreetMap/Nominatim
269,Saintala,Bolangir,20.44418,83.35834,INDEXED,NOT_VERIFIED,ArcGIS_FireStation,ArcGIS
59,Titilagarh,Bolangir,20.2895109,83.1538439,INDEXED,NOT_VERIFIED,Geocoded_Step2,OpenStreetMap/Nominatim
154,Baunsuni,Boudh,20.7945636,84.1209633,INDEXED,NOT_VERIFIED,Geocoded,OpenStreetMap/Nominatim
27,Boudh,Boudh,20.8415619,84.3213321,INDEXED,NOT_VERIFIED,Geocoded,OpenStreetMap/Nominatim
169,Charichhak (Harabhanga),Boudh,20.6258803,84.6111411,INDEXED,NOT_VERIFIED,ArcGIS_FireStation,ArcGIS
74,Kantamal,Boudh,20.5728297,83.7764505,INDEXED,NOT_VERIFIED,Geocoded,OpenStreetMap/Nominatim
173,Abhinav Bidanasi (CDA),Cuttack,20.4807077,85.8261453,INDEXED,NOT_VERIFIED,ArcGIS_FireStation,ArcGIS
147,Adaspur,Cuttack,20.220872,86.0109498,INDEXED,NOT_VERIFIED,Geocoded,OpenStreetMap/Nominatim
12,Athagarh,Cuttack,20.516145,85.6271159,INDEXED,NOT_VERIFIED,Geocoded,OpenStreetMap/Nominatim
165,Badamba,Cuttack,20.4385848,85.3408503,INDEXED,NOT_VERIFIED,Geocoded,OpenStreetMap/Nominatim
31,Balijhari,Cuttack,20.4105083,85.21893,INDEXED,NOT_VERIFIED,Geocoded,OpenStreetMap/Nominatim
32,Banki,Cuttack,20.3924025,85.605338,INDEXED,NOT_VERIFIED,Geocoded,OpenStreetMap/Nominatim
207,Baranga,Cuttack,20.4090016,85.8282725,INDEXED,NOT_VERIFIED,Geocoded,OpenStreetMap/Nominatim
114,Chauliaganj,Cuttack,20.463693,85.916767,INDEXED,NOT_VERIFIED,ArcGIS_FireStation,ArcGIS
1,Cuttack City (Buxibazar),Cuttack,20.4625,85.883,INDEXED,VERIFIED/REFERENCE,Not_Geocoded,INDEXED
254,Dampada,Cuttack,20.476768,85.8753348,INDEXED,NOT_VERIFIED,ArcGIS_FireStation,ArcGIS
152,Kalapathar,Cuttack,20.2853886,85.3843751,INDEXED,NOT_VERIFIED,Geocoded,OpenStreetMap/Nominatim
120,Kuanpal,Cuttack,20.5369974,86.1684587,INDEXED,NOT_VERIFIED,Geocoded,OpenStreetMap/Nominatim
250,Narasinghpur,Cuttack,20.5132535,85.019126,INDEXED,NOT_VERIFIED,Geocoded,OpenStreetMap/Nominatim
255,Niali,Cuttack,20.1454205,86.0946628,INDEXED,NOT_VERIFIED,Geocoded,OpenStreetMap/Nominatim
179,Nischintakoili,Cuttack,20.4799892,86.2145166,INDEXED,NOT_VERIFIED,Geocoded,OpenStreetMap/Nominatim
294,"SCB MC&H, Cuttack",Cuttack,20.476768,85.8753348,INDEXED,NOT_VERIFIED,ArcGIS_FireStation,ArcGIS
79,Salipur,Cuttack,20.4794306,86.1065223,INDEXED,NOT_VERIFIED,Geocoded,OpenStreetMap/Nominatim
215,Tangi-Choudwar,Cuttack,20.561735,85.9858529,INDEXED,NOT_VERIFIED,Geocoded,OpenStreetMap/Nominatim
135,Tigiria,Cuttack,20.4673248,85.4964037,INDEXED,NOT_VERIFIED,Geocoded,OpenStreetMap/Nominatim
123,Barkote,Deogarh,21.5453024,84.9969816,INDEXED,NOT_VERIFIED,ArcGIS_FireStation,ArcGIS
61,Deogarh,Deogarh,21.5358375,84.7244434,INDEXED,NOT_VERIFIED,Geocoded,OpenStreetMap/Nominatim
201,Reamal,Deogarh,21.3576708,84.6572784,INDEXED,NOT_VERIFIED,Geocoded,OpenStreetMap/Nominatim
51,Bhuban,Dhenkanal,20.9134569,85.8058273,INDEXED,NOT_VERIFIED,Geocoded,OpenStreetMap/Nominatim
7,Dhenkanal,Dhenkanal,20.653,85.596,INDEXED,OFFICIAL-DDMP,Not_Geocoded,INDEXED
85,Gondia,Dhenkanal,20.7725451,85.8029534,INDEXED,NOT_VERIFIED,ArcGIS_FireStation,ArcGIS
62,Hindol,Dhenkanal,20.764,85.418,INDEXED,OFFICIAL-DDMP,Not_Geocoded,INDEXED
86,Hindol Road,Dhenkanal,20.764,85.418,INDEXED,OFFICIAL-DDMP,Not_Geocoded,INDEXED
28,Kamakhyanagar,Dhenkanal,20.9329215,85.5416343,INDEXED,NOT_VERIFIED,Geocoded,OpenStreetMap/Nominatim
146,Kankadahad,Dhenkanal,21.0625053,85.6043164,INDEXED,NOT_VERIFIED,Geocoded,OpenStreetMap/Nominatim
87,Khajuriakata,Dhenkanal,21.0669,85.573,INDEXED,NOT_VERIFIED,ArcGIS_FireStation,ArcGIS
84,Parjang,Dhenkanal,20.9224679,85.3170924,INDEXED,NOT_VERIFIED,Geocoded,OpenStreetMap/Nominatim
110,Rasol,Dhenkanal,20.6211567,85.3449735,INDEXED,NOT_VERIFIED,Geocoded,OpenStreetMap/Nominatim
327,Guma,Gajapati,19.1574425,84.1441344,INDEXED,NOT_VERIFIED,ArcGIS_FireStation,ArcGIS
130,Kasinagar,Gajapati,18.88251,83.88492,INDEXED,VERIFIED/REFERENCE,Not_Geocoded,INDEXED
99,Mohana,Gajapati,19.4212481,84.276049,INDEXED,NOT_VERIFIED,Geocoded,OpenStreetMap/Nominatim
326,Nuagada,Gajapati,19.0989011,84.0491934,INDEXED,NOT_VERIFIED,Geocoded,OpenStreetMap/Nominatim
15,Paralakhemundi,Gajapati,18.8447966,84.0499591,INDEXED,NOT_VERIFIED,Geocoded,OpenStreetMap/Nominatim
92,R.Udayagiri,Gajapati,19.2014457,84.1955495,INDEXED,NOT_VERIFIED,Geocoded,OpenStreetMap/Nominatim
325,Rayagada,Gajapati,18.9659986,84.1928746,INDEXED,NOT_VERIFIED,Geocoded,OpenStreetMap/Nominatim
8,Aska,Ganjam,19.6060868,84.6724523,INDEXED,NOT_VERIFIED,Geocoded,OpenStreetMap/Nominatim
332,Belaguntha,Ganjam,19.88249,84.63801,INDEXED,NOT_VERIFIED,ArcGIS_FireStation,ArcGIS
3,Berhampur,Ganjam,19.314914,84.794244,INDEXED,VERIFIED/REFERENCE,Not_Geocoded,INDEXED
35,Bhanjanagar,Ganjam,20.0209157,84.4864172,INDEXED,NOT_VERIFIED,Geocoded,OpenStreetMap/Nominatim
234,Buguda,Ganjam,19.8364159,84.8323682,INDEXED,NOT_VERIFIED,Geocoded,OpenStreetMap/Nominatim
39,Chhatrapur,Ganjam,19.358,84.994,OSM + MASTER,OSM_VERIFIED,Not_Geocoded,OSM + MASTER
222,Chikiti,Ganjam,19.2014309,84.614825,INDEXED,NOT_VERIFIED,Geocoded,OpenStreetMap/Nominatim
257,Dharakote,Ganjam,19.6312499,84.6016034,INDEXED,NOT_VERIFIED,Geocoded,OpenStreetMap/Nominatim
76,Digapahandi,Ganjam,19.3345967,84.5805408,INDEXED,NOT_VERIFIED,Geocoded,OpenStreetMap/Nominatim
95,Hinjilikat,Ganjam,19.48166,84.74489,INDEXED,NOT_VERIFIED,ArcGIS_FireStation,ArcGIS
160,Jagannathprasad,Ganjam,19.96522,84.784236,INDEXED,NOT_VERIFIED,ArcGIS_FireStation,ArcGIS
174,Kabisuryanagar,Ganjam,19.5980206,84.7991465,INDEXED,NOT_VERIFIED,Geocoded,OpenStreetMap/Nominatim
208,Kanisi (Gopalpur),Ganjam,19.30776003331053,84.81098716312583,INDEXED,OFFICIAL-DDMP,Not_Geocoded,INDEXED
91,Khalikote,Ganjam,19.6441437,85.1127297,INDEXED,NOT_VERIFIED,Geocoded,OpenStreetMap/Nominatim
90,Kodala,Ganjam,19.6786566,85.002595,INDEXED,NOT_VERIFIED,Geocoded,OpenStreetMap/Nominatim
212,Kukudakhandi,Ganjam,19.3194158,84.7123608,INDEXED,NOT_VERIFIED,Geocoded,OpenStreetMap/Nominatim
295,"MKCGMC&H, BPR",Ganjam,19.3582889,84.9944055,INDEXED,NOT_VERIFIED,ArcGIS_FireStation,ArcGIS
111,Patrapur,Ganjam,19.130895,84.5748297,INDEXED,NOT_VERIFIED,Geocoded,OpenStreetMap/Nominatim
26,Polosora,Ganjam,19.3582889,84.9944055,INDEXED,NOT_VERIFIED,ArcGIS_FireStation,ArcGIS
116,Purusottampur,Ganjam,19.512,84.873,OSM + MASTER,OSM_VERIFIED,Not_Geocoded,OSM + MASTER
283,Rambha,Ganjam,19.4807838,85.0746435,INDEXED,NOT_VERIFIED,Geocoded,OpenStreetMap/Nominatim
314,Sanakhemundi,Ganjam,19.439169,84.506178,INDEXED,NOT_VERIFIED,ArcGIS_FireStation,ArcGIS
202,Sheragada,Ganjam,19.5185672,84.6049146,INDEXED,NOT_VERIFIED,Geocoded,OpenStreetMap/Nominatim
77,Sorada,Ganjam,19.7601779,84.4317593,INDEXED,NOT_VERIFIED,Geocoded,OpenStreetMap/Nominatim
184,Balikuda,Jagatsinghpur,20.143132,86.270599,INDEXED,NOT_VERIFIED,ArcGIS_FireStation,ArcGIS
244,Biridi,Jagatsinghpur,20.3358603,86.0567773,INDEXED,NOT_VERIFIED,ArcGIS_FireStation,ArcGIS
190,Ersama,Jagatsinghpur,20.203879,86.411094,INDEXED,NOT_VERIFIED,ArcGIS_FireStation,ArcGIS
36,Jagatsinghpur,Jagatsinghpur,20.2327324,86.1624628,INDEXED,NOT_VERIFIED,Geocoded,OpenStreetMap/Nominatim
82,Kujanga,Jagatsinghpur,20.323057,86.530159,INDEXED,NOT_VERIFIED,ArcGIS_FireStation,ArcGIS
225,Naugaon,Jagatsinghpur,20.1111664,86.1919386,INDEXED,NOT_VERIFIED,ArcGIS_FireStation,ArcGIS
137,Raghunathpur,Jagatsinghpur,20.3596977,86.155387,INDEXED,NOT_VERIFIED,Geocoded,OpenStreetMap/Nominatim
107,Tirtol,Jagatsinghpur,20.307601,86.333601,INDEXED,NOT_VERIFIED,ArcGIS_FireStation,ArcGIS
195,Baitarani Road,Jajpur,20.9945794,86.2336408,INDEXED,NOT_VERIFIED,Geocoded,OpenStreetMap/Nominatim
141,Bari,Jajpur,20.6901659,86.3459301,INDEXED,NOT_VERIFIED,Geocoded,OpenStreetMap/Nominatim
342,Baruan,Jajpur,20.848101,86.355501,INDEXED,NOT_VERIFIED,ArcGIS_FireStation,ArcGIS
150,Binjharpur,Jajpur,20.7235549,86.4515957,INDEXED,NOT_VERIFIED,Geocoded,OpenStreetMap/Nominatim
73,Chandikhol,Jajpur,20.054,86.003,OSM + MASTER,OSM_VERIFIED,Not_Geocoded,OSM + MASTER
271,Danagadi,Jajpur,20.967495,86.0748843,INDEXED,NOT_VERIFIED,ArcGIS_FireStation,ArcGIS
142,Dasarathpur,Jajpur,20.8319295,86.4495846,INDEXED,NOT_VERIFIED,Geocoded,OpenStreetMap/Nominatim
249,Dharmasala,Jajpur,20.7494923,86.131896,INDEXED,NOT_VERIFIED,Geocoded,OpenStreetMap/Nominatim
23,Jajpur,Jajpur,20.8481301,86.3556018,INDEXED,THIRD-PARTY-LIST,Not_Geocoded,INDEXED
69,Jajpur Road,Jajpur,20.9466112,86.1213423,INDEXED,NOT_VERIFIED,Geocoded,OpenStreetMap/Nominatim
193,Rasulpur,Jajpur,20.826611,86.198198,INDEXED,NOT_VERIFIED,ArcGIS_FireStation,ArcGIS
149,Sukinda,Jajpur,20.9352181,85.8936579,INDEXED,NOT_VERIFIED,Geocoded,OpenStreetMap/Nominatim
94,Ib-Thermal,Jharsuguda,21.6912165,83.8662015,INDEXED,NOT_VERIFIED,Geocoded,OpenStreetMap/Nominatim
42,Jharsuguda,Jharsuguda,21.8770513,84.0090506,INDEXED,NOT_VERIFIED,Geocoded,OpenStreetMap/Nominatim
307,Kirimira,Jharsuguda,21.8823633,84.1439623,INDEXED,NOT_VERIFIED,ArcGIS_FireStation,ArcGIS
274,Kolabira,Jharsuguda,21.8286559,84.1292694,INDEXED,NOT_VERIFIED,Geocoded,OpenStreetMap/Nominatim
229,Laikera,Jharsuguda,21.9008843,84.210113,INDEXED,NOT_VERIFIED,Geocoded,OpenStreetMap/Nominatim
124,Lakhanpur,Jharsuguda,21.7538399,83.7830482,INDEXED,NOT_VERIFIED,Geocoded,OpenStreetMap/Nominatim
21,Bhawanipatna,Kalahandi,19.9104952,83.1678321,INDEXED,NOT_VERIFIED,Geocoded,OpenStreetMap/Nominatim
65,Dharmagarh,Kalahandi,19.8694368,82.7810088,INDEXED,NOT_VERIFIED,Geocoded,OpenStreetMap/Nominatim
320,Golamunda,Kalahandi,20.012335,82.8039767,INDEXED,NOT_VERIFIED,Geocoded,OpenStreetMap/Nominatim
246,Jaypatna,Kalahandi,19.472185,82.801323,INDEXED,NOT_VERIFIED,ArcGIS_FireStation,ArcGIS
230,Junagarh,Kalahandi,19.8137068,82.946796,INDEXED,NOT_VERIFIED,Geocoded,OpenStreetMap/Nominatim
238,Kalampur,Kalahandi,19.615857,82.888277,INDEXED,NOT_VERIFIED,Geocoded,OpenStreetMap/Nominatim
317,Karlamunda,Kalahandi,20.3552268,83.4415242,INDEXED,NOT_VERIFIED,Geocoded,OpenStreetMap/Nominatim
126,Kesinga,Kalahandi,20.1906391,83.2227735,INDEXED,NOT_VERIFIED,Geocoded,OpenStreetMap/Nominatim
302,Kokasara,Kalahandi,19.6628862,82.6733991,INDEXED,NOT_VERIFIED,Geocoded,OpenStreetMap/Nominatim
224,Lanjigarh,Kalahandi,19.6873443,83.2887811,INDEXED,NOT_VERIFIED,Geocoded,OpenStreetMap/Nominatim
316,M.Rampur,Kalahandi,20.1982553,83.520928,INDEXED,NOT_VERIFIED,Geocoded,OpenStreetMap/Nominatim
315,Narla,Kalahandi,20.060644,83.3850101,INDEXED,NOT_VERIFIED,Geocoded,OpenStreetMap/Nominatim
322,T.Rampur,Kalahandi,20.1982553,83.520928,INDEXED,NOT_VERIFIED,Geocoded,OpenStreetMap/Nominatim
68,Baliguda,Kandhamal,20.1813146,83.8733221,INDEXED,NOT_VERIFIED,Geocoded,OpenStreetMap/Nominatim
199,Chakapada,Kandhamal,20.2655588,84.491537,INDEXED,NOT_VERIFIED,Geocoded,OpenStreetMap/Nominatim
301,Daringibadi,Kandhamal,19.9077624,84.1229586,INDEXED,NOT_VERIFIED,Geocoded,OpenStreetMap/Nominatim
19,G. Udayagiri,Kandhamal,20.1967614,84.4233285,INDEXED,NOT_VERIFIED,Geocoded,OpenStreetMap/Nominatim
187,Khajuripada,Kandhamal,20.4298884,84.3536167,INDEXED,NOT_VERIFIED,Geocoded,OpenStreetMap/Nominatim
290,Kotagarh,Kandhamal,19.8200051,83.8010199,INDEXED,NOT_VERIFIED,Geocoded,OpenStreetMap/Nominatim
200,Phiringia,Kandhamal,20.3220718,84.0586619,INDEXED,NOT_VERIFIED,Geocoded,OpenStreetMap/Nominatim
49,Phulbani,Kandhamal,20.4762322,84.2348517,INDEXED,NOT_VERIFIED,Geocoded,OpenStreetMap/Nominatim
125,Raikia,Kandhamal,19.998596,84.2714549,INDEXED,NOT_VERIFIED,Geocoded,OpenStreetMap/Nominatim
305,Sarangagada,Kandhamal,20.236167,84.129614,INDEXED,NOT_VERIFIED,ArcGIS_FireStation,ArcGIS
306,Tikabali,Kandhamal,20.2463743,84.3190009,INDEXED,NOT_VERIFIED,Geocoded,OpenStreetMap/Nominatim
304,Tumudibandha,Kandhamal,19.9894009,83.7432123,INDEXED,NOT_VERIFIED,Geocoded,OpenStreetMap/Nominatim
164,Aul,Kendrapara,20.650554,86.5328384,INDEXED,NOT_VERIFIED,Geocoded,OpenStreetMap/Nominatim
188,Derabis,Kendrapara,20.579794,86.550513,INDEXED,NOT_VERIFIED,ArcGIS_FireStation,ArcGIS
218,Garadpur,Kendrapara,20.3879682,86.3866071,INDEXED,NOT_VERIFIED,ArcGIS_FireStation,ArcGIS
22,Kendrapara,Kendrapara,20.5042089,86.4159937,INDEXED,NOT_VERIFIED,Geocoded,OpenStreetMap/Nominatim
121,Korua,Kendrapara,20.3948474,86.3217795,INDEXED,NOT_VERIFIED,Geocoded,OpenStreetMap/Nominatim
263,Mahakalapara,Kendrapara,20.416427,86.579918,INDEXED,NOT_VERIFIED,ArcGIS_FireStation,ArcGIS
279,Marshaghai,Kendrapara,20.4512264,86.4670479,INDEXED,NOT_VERIFIED,Geocoded,OpenStreetMap/Nominatim
98,Pattamundei,Kendrapara,20.5792294,86.5468129,INDEXED,NOT_VERIFIED,ArcGIS_FireStation,ArcGIS
97,Rajkanika,Kendrapara,20.7070069,86.7099139,INDEXED,NOT_VERIFIED,Geocoded,OpenStreetMap/Nominatim
189,Rajnagar,Kendrapara,20.6459571,86.840786,INDEXED,NOT_VERIFIED,Geocoded,OpenStreetMap/Nominatim
273,Aharpada,Keonjhar,21.71126,85.95796,INDEXED,NOT_VERIFIED,ArcGIS_FireStation,ArcGIS
17,Anandapur,Keonjhar,21.3334131,86.0872147,INDEXED,NOT_VERIFIED,Geocoded_Step2,OpenStreetMap/Nominatim
291,Bansapal,Keonjhar,21.43898,85.60592,INDEXED,NOT_VERIFIED,ArcGIS_FireStation,ArcGIS
217,Barbil,Keonjhar,22.10194,85.37752,INDEXED,NOT_VERIFIED,ArcGIS_FireStation,ArcGIS
66,Champua,Keonjhar,22.0058014,85.5851712,INDEXED,NOT_VERIFIED,Geocoded_Step2,OpenStreetMap/Nominatim
55,Ghasipura,Keonjhar,21.2933331,86.0260264,INDEXED,NOT_VERIFIED,Geocoded_Step2,OpenStreetMap/Nominatim
128,Ghatagaon,Keonjhar,21.39586,85.894,INDEXED,NOT_VERIFIED,ArcGIS_FireStation,ArcGIS
272,Harichandanpur,Keonjhar,21.76105,85.86921,INDEXED,NOT_VERIFIED,ArcGIS_FireStation,ArcGIS
81,Hatadihi,Keonjhar,21.6396994,85.6054991,INDEXED,NOT_VERIFIED,ArcGIS_FireStation,ArcGIS
168,Jhumpura,Keonjhar,21.6396994,85.6054991,INDEXED,NOT_VERIFIED,ArcGIS_FireStation,ArcGIS
132,Joda,Keonjhar,22.04149,85.41136,INDEXED,NOT_VERIFIED,ArcGIS_FireStation,ArcGIS
30,Keonjhar,Keonjhar,21.6707021,85.6075453,INDEXED,NOT_VERIFIED,Geocoded,OpenStreetMap/Nominatim
231,Patna,Keonjhar,21.63612,85.89683,INDEXED,NOT_VERIFIED,ArcGIS_FireStation,ArcGIS
178,Telkoi,Keonjhar,21.35729,85.39822,INDEXED,NOT_VERIFIED,ArcGIS_FireStation,ArcGIS
339,"AIIMS, BBSR",Khordha,20.27241,85.83385,INDEXED,NOT_VERIFIED,ArcGIS_FireStation,ArcGIS
227,Balianta,Khordha,20.27969,85.90232,INDEXED,NOT_VERIFIED,ArcGIS_FireStation,ArcGIS
136,Balipatna,Khordha,20.2021,85.95878,INDEXED,NOT_VERIFIED,ArcGIS_FireStation,ArcGIS
45,Balugaon,Khordha,19.762,85.215,OSM + MASTER,OSM_VERIFIED,Not_Geocoded,OSM + MASTER
185,Banapur,Khordha,19.77889,85.17033,INDEXED,NOT_VERIFIED,ArcGIS_FireStation,ArcGIS
101,Begunia,Khordha,20.20204,85.44447,INDEXED,VERIFIED/REFERENCE,Not_Geocoded,INDEXED
5,Bhubaneswar (Kalpana),Khordha,20.2579248,85.8415658,INDEXED,VERIFIED/REFERENCE,Not_Geocoded,INDEXED
88,Bologarh,Khordha,20.17288,85.27259,INDEXED,NOT_VERIFIED,ArcGIS_FireStation,ArcGIS
104,Chandrasekharpur,Khordha,20.3301088,85.8095641,INDEXED,MAP-REFERENCE,Not_Geocoded,INDEXED
245,Gangadharpur,Khordha,21.000423,85.110397,INDEXED,NOT_VERIFIED,ArcGIS_FireStation,ArcGIS
108,Jatani,Khordha,20.1846264,85.7022557,INDEXED,NOT_VERIFIED,Geocoded,OpenStreetMap/Nominatim
13,Khurda,Khordha,20.17053,85.61302,INDEXED,VERIFIED/REFERENCE,Not_Geocoded,INDEXED
344,Mancheswar,Khordha,20.3223078,85.8449016,NEW_2023,NOT_VERIFIED,Geocoded,OpenStreetMap/Nominatim
345,Pahala,Khordha,20.2274018,85.776067,NEW_2023,NOT_VERIFIED,ArcGIS_FireStation,ArcGIS
167,Secretariat,Khordha,20.270266,85.826874,INDEXED,NOT_VERIFIED,ArcGIS_FireStation,ArcGIS
343,Tamando,Khordha,20.2255163,85.7497888,NEW_2023,NOT_VERIFIED,Geocoded,OpenStreetMap/Nominatim
70,Tangi,Khordha,19.8948594,85.4297954,INDEXED,NOT_VERIFIED,Geocoded_Step2,OpenStreetMap/Nominatim
312,Baipariguda,Koraput,18.7518993,82.4317434,INDEXED,NOT_VERIFIED,ArcGIS_FireStation,ArcGIS
319,Bandhugaon,Koraput,18.9544262,83.2537931,INDEXED,NOT_VERIFIED,Geocoded,OpenStreetMap/Nominatim
129,Boriguma,Koraput,19.066742,82.552548,INDEXED,NOT_VERIFIED,Geocoded,OpenStreetMap/Nominatim
303,Dasamantapur,Koraput,19.0505066,82.9114924,INDEXED,NOT_VERIFIED,Geocoded,OpenStreetMap/Nominatim
9,Jeypore,Koraput,18.8606126,82.5510469,INDEXED,VERIFIED/REFERENCE,Not_Geocoded,INDEXED
50,Koraput,Koraput,18.8499648,82.7800661,INDEXED,NOT_VERIFIED,Geocoded,OpenStreetMap/Nominatim
96,Kotpada,Koraput,19.141199,82.324203,INDEXED,NOT_VERIFIED,ArcGIS_FireStation,ArcGIS
311,Kundra,Koraput,18.9237819,82.4058881,INDEXED,NOT_VERIFIED,ArcGIS_FireStation,ArcGIS
328,Lamptaput,Koraput,18.6267757,82.5898949,INDEXED,NOT_VERIFIED,ArcGIS_FireStation,ArcGIS
183,Laxmipur,Koraput,18.986112,83.115013,INDEXED,NOT_VERIFIED,Geocoded,OpenStreetMap/Nominatim
324,Nandapur,Koraput,18.5860435,82.7543189,INDEXED,NOT_VERIFIED,Geocoded,OpenStreetMap/Nominatim
205,Narayanpatna,Koraput,18.8789148,83.1681889,INDEXED,NOT_VERIFIED,Geocoded,OpenStreetMap/Nominatim
287,Potangi,Koraput,18.5638228,82.9614405,INDEXED,NOT_VERIFIED,ArcGIS_FireStation,ArcGIS
219,Similiguda,Koraput,18.6751743,82.8589002,INDEXED,NOT_VERIFIED,Geocoded,OpenStreetMap/Nominatim
341,Chitrakonda,Malkangiri,18.2189365,82.1411514,INDEXED,NOT_VERIFIED,Geocoded,OpenStreetMap/Nominatim
139,Kalimela,Malkangiri,18.081508,81.7991445,INDEXED,NOT_VERIFIED,Geocoded,OpenStreetMap/Nominatim
292,Khairaput,Malkangiri,18.4851905,82.2373924,INDEXED,NOT_VERIFIED,Geocoded,OpenStreetMap/Nominatim
289,Korkunda,Malkangiri,18.27772,81.98905,INDEXED,NOT_VERIFIED,ArcGIS_FireStation,ArcGIS
206,Kudumuluguma,Malkangiri,18.376417,82.180992,INDEXED,NOT_VERIFIED,Geocoded,OpenStreetMap/Nominatim
54,Malkangiri,Malkangiri,18.3583544,81.8982375,INDEXED,NOT_VERIFIED,Geocoded,OpenStreetMap/Nominatim
258,Mathili,Malkangiri,18.6046015,82.0963174,INDEXED,NOT_VERIFIED,Geocoded,OpenStreetMap/Nominatim
323,Podia,Malkangiri,18.189,81.546,OSM + MASTER,OSM_VERIFIED,Not_Geocoded,OSM + MASTER
192,Bahalda,Mayurbhanj,22.3588473,86.1419483,INDEXED,NOT_VERIFIED,Geocoded,OpenStreetMap/Nominatim
293,Balidiha,Mayurbhanj,22.287831,86.542315,INDEXED,NOT_VERIFIED,ArcGIS_FireStation,ArcGIS
155,Bangiriposhi,Mayurbhanj,22.1501265,86.5433383,INDEXED,NOT_VERIFIED,ArcGIS_FireStation,ArcGIS
241,Barasahi,Mayurbhanj,21.72809,86.74376,INDEXED,NOT_VERIFIED,ArcGIS_FireStation,ArcGIS
14,Baripada,Mayurbhanj,21.9322338,86.7516942,INDEXED,VERIFIED/REFERENCE,Not_Geocoded,INDEXED
105,Betanati,Mayurbhanj,21.8028583,86.8364424,INDEXED,NOT_VERIFIED,Geocoded,OpenStreetMap/Nominatim
280,Bisoi,Mayurbhanj,22.12876,86.378252,INDEXED,NOT_VERIFIED,Geocoded,OpenStreetMap/Nominatim
340,Chandua,Mayurbhanj,22.0677838,86.777657,INDEXED,NOT_VERIFIED,Geocoded,OpenStreetMap/Nominatim
277,Chitrada,Mayurbhanj,21.8493155,86.9446447,INDEXED,NOT_VERIFIED,Geocoded,OpenStreetMap/Nominatim
284,Jamda,Mayurbhanj,22.2708491,86.0585033,INDEXED,NOT_VERIFIED,Geocoded,OpenStreetMap/Nominatim
157,Jashipur,Mayurbhanj,21.9402392,86.1241542,INDEXED,NOT_VERIFIED,Geocoded,OpenStreetMap/Nominatim
282,Kaptipada,Mayurbhanj,21.511,86.541,OSM + MASTER,OSM_VERIFIED,Not_Geocoded,OSM + MASTER
47,Karanjia,Mayurbhanj,21.7863762,86.0660529,INDEXED,NOT_VERIFIED,Geocoded,OpenStreetMap/Nominatim
211,Khunta,Mayurbhanj,21.7078551,86.6225383,INDEXED,NOT_VERIFIED,Geocoded,OpenStreetMap/Nominatim
158,Kusumi,Mayurbhanj,21.785133,87.0430384,INDEXED,NOT_VERIFIED,ArcGIS_FireStation,ArcGIS
253,Purunabaripada,Mayurbhanj,21.9451513,86.7251745,INDEXED,NOT_VERIFIED,ArcGIS_FireStation,ArcGIS
33,Rairangpur,Mayurbhanj,22.215745,86.2325462,INDEXED,NOT_VERIFIED,Geocoded,OpenStreetMap/Nominatim
288,Rairangpur-II (Bijatola),Mayurbhanj,22.2651,86.1744,INDEXED,NOT_VERIFIED,ArcGIS_FireStation,ArcGIS
281,Raruan,Mayurbhanj,21.9061403,85.8751847,INDEXED,NOT_VERIFIED,Geocoded,OpenStreetMap/Nominatim
117,Rasagovindpur,Mayurbhanj,21.77772,87.045052,INDEXED,NOT_VERIFIED,ArcGIS_FireStation,ArcGIS
156,Saraskana,Mayurbhanj,22.2440445,86.5892333,INDEXED,NOT_VERIFIED,Geocoded,OpenStreetMap/Nominatim
285,Sukuruli,Mayurbhanj,21.901375985414,85.889786540032,INDEXED,NOT_VERIFIED,ArcGIS_FireStation,ArcGIS
197,Suliapada,Mayurbhanj,22.0064032,86.9181308,INDEXED,NOT_VERIFIED,Geocoded,OpenStreetMap/Nominatim
252,Thakurmunda,Mayurbhanj,21.5693934,86.1046982,INDEXED,NOT_VERIFIED,Geocoded,OpenStreetMap/Nominatim
196,Tiring,Mayurbhanj,22.4719149,86.081029,INDEXED,NOT_VERIFIED,Geocoded,OpenStreetMap/Nominatim
58,Udala,Mayurbhanj,21.573,86.57,OSM + MASTER,OSM_VERIFIED,Not_Geocoded,OSM + MASTER
171,Chandahandi,Nabarangpur,19.8443971,82.4909261,INDEXED,NOT_VERIFIED,ArcGIS_FireStation,ArcGIS
204,Dabugaon,Nabarangpur,19.4549204,82.4054908,INDEXED,NOT_VERIFIED,ArcGIS_FireStation,ArcGIS
242,Jharigaon,Nabarangpur,19.851287,82.489867,INDEXED,NOT_VERIFIED,ArcGIS_FireStation,ArcGIS
278,Kosagumuda,Nabarangpur,19.27522,82.24372,INDEXED,NOT_VERIFIED,ArcGIS_FireStation,ArcGIS
256,Nandahandi,Nabarangpur,19.21746,82.64588,INDEXED,NOT_VERIFIED,ArcGIS_FireStation,ArcGIS
44,Nawarangpur,Nabarangpur,19.22837,82.546959,INDEXED,NOT_VERIFIED,ArcGIS_FireStation,ArcGIS
286,Papadahandi,Nabarangpur,19.349964,82.526889,INDEXED,NOT_VERIFIED,ArcGIS_FireStation,ArcGIS
236,Raighar,Nabarangpur,19.851287,82.489867,INDEXED,NOT_VERIFIED,ArcGIS_FireStation,ArcGIS
161,Tentulikhunti,Nabarangpur,19.29457,82.72284,INDEXED,NOT_VERIFIED,ArcGIS_FireStation,ArcGIS
140,Umerkote,Nabarangpur,19.665701,82.205803,INDEXED,NOT_VERIFIED,ArcGIS_FireStation,ArcGIS
144,Bhapur,Nayagarh,20.2864982,85.2911561,INDEXED,NOT_VERIFIED,Geocoded,OpenStreetMap/Nominatim
43,Daspalla,Nayagarh,20.3272455,84.8533098,INDEXED,NOT_VERIFIED,ArcGIS_FireStation,ArcGIS
213,Gania,Nayagarh,20.4598765,84.8404566,INDEXED,NOT_VERIFIED,Geocoded,OpenStreetMap/Nominatim
57,Khandapada,Nayagarh,20.2942506,85.1015265,INDEXED,NOT_VERIFIED,Geocoded,OpenStreetMap/Nominatim
16,Nayagarh,Nayagarh,20.0020231,85.0024113,INDEXED,THIRD-PARTY-LIST,Not_Geocoded,INDEXED
223,Nuagaon,Nayagarh,20.2314357,84.9115062,INDEXED,NOT_VERIFIED,Geocoded,OpenStreetMap/Nominatim
83,Odagaon,Nayagarh,20.0514867,84.9360459,INDEXED,NOT_VERIFIED,Geocoded,OpenStreetMap/Nominatim
78,Ranpur,Nayagarh,20.0632415,85.3444328,INDEXED,NOT_VERIFIED,Geocoded,OpenStreetMap/Nominatim
321,Boden,Nuapada,20.2618075,82.5209612,INDEXED,NOT_VERIFIED,Geocoded,OpenStreetMap/Nominatim
115,Khariar,Nuapada,20.2700878,82.7478876,INDEXED,NOT_VERIFIED,Geocoded,OpenStreetMap/Nominatim
56,Khariar Road,Nuapada,20.9013244,82.5109747,INDEXED,NOT_VERIFIED,Geocoded,OpenStreetMap/Nominatim
243,Komna,Nuapada,20.5331547,82.5298939,INDEXED,NOT_VERIFIED,Geocoded,OpenStreetMap/Nominatim
181,Nuapada,Nuapada,20.7690998,82.5186285,INDEXED,NOT_VERIFIED,Geocoded,OpenStreetMap/Nominatim
318,Sinapalli,Nuapada,20.096899,82.646978,INDEXED,NOT_VERIFIED,ArcGIS_FireStation,ArcGIS
148,Astaranga,Puri,19.9912027,86.2246143,INDEXED,NOT_VERIFIED,Geocoded,OpenStreetMap/Nominatim
103,Brahmagiri,Puri,19.7879254,85.6405069,INDEXED,NOT_VERIFIED,Geocoded,OpenStreetMap/Nominatim
297,Champahar,Puri,19.898943,86.12094,INDEXED,NOT_VERIFIED,ArcGIS_FireStation,ArcGIS
251,Delang,Puri,20.0379856,85.767105,INDEXED,NOT_VERIFIED,Geocoded,OpenStreetMap/Nominatim
228,Gop,Puri,19.97,86.026,OSM + MASTER,OSM_VERIFIED,Not_Geocoded,OSM + MASTER
175,Jagannath Temple,Puri,19.8047726,85.8180811,INDEXED,NOT_VERIFIED,Geocoded,OpenStreetMap/Nominatim
182,Kanas,Puri,20.0622569,85.7433142,INDEXED,NOT_VERIFIED,Geocoded,OpenStreetMap/Nominatim
172,Krushnaprasad (Maluda),Puri,19.6416951,85.2715786,INDEXED,NOT_VERIFIED,ArcGIS_FireStation,ArcGIS
72,Nimapara,Puri,20.05358,86.0029,INDEXED,VERIFIED/REFERENCE,Not_Geocoded,INDEXED
106,Pipili,Puri,20.0889542,85.8235903,INDEXED,NOT_VERIFIED,Geocoded,OpenStreetMap/Nominatim
4,Puri,Puri,19.8133822,85.8314655,INDEXED,VERIFIED/REFERENCE,Not_Geocoded,INDEXED
166,Satyabadi (Sakhigopal),Puri,19.9406245,85.8210806,INDEXED,NOT_VERIFIED,ArcGIS_FireStation,ArcGIS
113,Bissam Cuttack,Rayagada,19.5045033,83.5058253,INDEXED,NOT_VERIFIED,Geocoded,OpenStreetMap/Nominatim
337,Chandrapur,Rayagada,19.56531,83.8304121,INDEXED,NOT_VERIFIED,Geocoded,OpenStreetMap/Nominatim
330,Gudari,Rayagada,19.3783609,83.7803748,INDEXED,NOT_VERIFIED,Geocoded,OpenStreetMap/Nominatim
127,Gumuda,Rayagada,19.2315897,83.761681,INDEXED,NOT_VERIFIED,Geocoded,OpenStreetMap/Nominatim
41,Gunupur,Rayagada,19.0714045,83.8148798,INDEXED,NOT_VERIFIED,Geocoded,OpenStreetMap/Nominatim
203,Kalyansinghpur,Rayagada,19.5064263,83.3093026,INDEXED,NOT_VERIFIED,ArcGIS_FireStation,ArcGIS
329,Kashipur,Rayagada,19.3731788,83.1167452,INDEXED,NOT_VERIFIED,Geocoded,OpenStreetMap/Nominatim
333,Kolnara (Therubali),Rayagada,19.333327,83.422125,INDEXED,NOT_VERIFIED,ArcGIS_FireStation,ArcGIS
239,Muniguda,Rayagada,19.627061,83.4887531,INDEXED,NOT_VERIFIED,Geocoded,OpenStreetMap/Nominatim
313,Padmapur,Rayagada,19.2944461,83.9285823,INDEXED,NOT_VERIFIED,Geocoded,OpenStreetMap/Nominatim
37,Rayagada,Rayagada,19.1753646,83.41068,INDEXED,NOT_VERIFIED,Geocoded,OpenStreetMap/Nominatim
20,Burla,Sambalpur,21.393393,83.9264804,INDEXED,NOT_VERIFIED,Geocoded,OpenStreetMap/Nominatim
191,Govindpur,Sambalpur,22.0889504,84.3868229,INDEXED,NOT_VERIFIED,Geocoded,OpenStreetMap/Nominatim
336,Jamankira,Sambalpur,21.5027082,84.290684,INDEXED,NOT_VERIFIED,Geocoded,OpenStreetMap/Nominatim
220,Jujumura,Sambalpur,21.241612,84.1343642,INDEXED,NOT_VERIFIED,Geocoded,OpenStreetMap/Nominatim
64,Kuchinda,Sambalpur,21.7477388,84.3506401,INDEXED,NOT_VERIFIED,Geocoded,OpenStreetMap/Nominatim
247,Maneswar,Sambalpur,21.4107462,84.0436246,INDEXED,NOT_VERIFIED,Geocoded,OpenStreetMap/Nominatim
153,Naktideul,Sambalpur,21.1927747,84.6293233,INDEXED,NOT_VERIFIED,Geocoded,OpenStreetMap/Nominatim
48,Rairakhol,Sambalpur,21.0462204,84.3333106,INDEXED,NOT_VERIFIED,Geocoded,OpenStreetMap/Nominatim
134,Rengali,Sambalpur,21.6360466,84.0424879,INDEXED,NOT_VERIFIED,Geocoded,OpenStreetMap/Nominatim
6,Sambalpur,Sambalpur,21.46952,83.97234,INDEXED,VERIFIED/REFERENCE,Not_Geocoded,INDEXED
296,"VSSMC&H, SBP",Sambalpur,21.2480176,84.5338374,INDEXED,NOT_VERIFIED,ArcGIS_FireStation,ArcGIS
221,Binika,Subarnapur,21.0243045,83.7546579,INDEXED,NOT_VERIFIED,Geocoded,OpenStreetMap/Nominatim
38,Biramoharajpur,Subarnapur,20.868897,84.046791,INDEXED,NOT_VERIFIED,ArcGIS_FireStation,ArcGIS
209,Dunguripali,Subarnapur,20.981536,83.5746235,INDEXED,NOT_VERIFIED,Geocoded,OpenStreetMap/Nominatim
93,Rampur,Subarnapur,21.0506706,83.6621734,INDEXED,NOT_VERIFIED,Geocoded,OpenStreetMap/Nominatim
10,Sonepur,Subarnapur,20.843825,83.9058433,INDEXED,THIRD-PARTY-LIST,Not_Geocoded,INDEXED
109,Tarava,Subarnapur,20.974377,83.877861,INDEXED,NOT_VERIFIED,ArcGIS_FireStation,ArcGIS
143,Ullunda,Subarnapur,20.974377,83.877861,INDEXED,NOT_VERIFIED,ArcGIS_FireStation,ArcGIS
237,Balisankara,Sundargarh,22.3464235,84.0452506,INDEXED,NOT_VERIFIED,Geocoded,OpenStreetMap/Nominatim
266,Baragaon,Sundargarh,22.2174832,84.2825535,INDEXED,NOT_VERIFIED,Geocoded,OpenStreetMap/Nominatim
335,Bisra,Sundargarh,22.2478236,84.9978404,INDEXED,NOT_VERIFIED,Geocoded,OpenStreetMap/Nominatim
67,Bonai,Sundargarh,22.222163,84.850363,INDEXED,NOT_VERIFIED,ArcGIS_FireStation,ArcGIS
309,Gurundia,Sundargarh,21.8941151,84.6647122,INDEXED,NOT_VERIFIED,Geocoded,OpenStreetMap/Nominatim
261,Hemgiri,Sundargarh,22.222163,84.850363,INDEXED,NOT_VERIFIED,ArcGIS_FireStation,ArcGIS
267,Koira,Sundargarh,21.9068705,85.2505093,INDEXED,NOT_VERIFIED,Geocoded,OpenStreetMap/Nominatim
240,Kuarmunda,Sundargarh,22.3047011,84.7797936,INDEXED,NOT_VERIFIED,Geocoded,OpenStreetMap/Nominatim
133,Kutra,Sundargarh,22.2639189,84.4320482,INDEXED,NOT_VERIFIED,Geocoded,OpenStreetMap/Nominatim
308,Lahunipada,Sundargarh,21.8838226,84.9389584,INDEXED,NOT_VERIFIED,ArcGIS_FireStation,ArcGIS
186,Lephripada,Sundargarh,22.1141416,83.8098165,INDEXED,NOT_VERIFIED,ArcGIS_FireStation,ArcGIS
268,Nuagaon,Sundargarh,22.3944711,84.9381003,INDEXED,NOT_VERIFIED,Geocoded,OpenStreetMap/Nominatim
75,Panposh,Sundargarh,22.2285985,84.8053233,INDEXED,NOT_VERIFIED,Geocoded,OpenStreetMap/Nominatim
334,Rajgangpur,Sundargarh,22.1861154,84.5835067,INDEXED,NOT_VERIFIED,Geocoded,OpenStreetMap/Nominatim
18,Rourkela,Sundargarh,22.2309255,84.8678705,INDEXED,NOT_VERIFIED,Geocoded,OpenStreetMap/Nominatim
233,Subdega,Sundargarh,22.2924612,84.1056671,INDEXED,NOT_VERIFIED,Geocoded,OpenStreetMap/Nominatim
29,Sundargarh,Sundargarh,22.133272,83.9796528,INDEXED,NOT_VERIFIED,Geocoded,OpenStreetMap/Nominatim
265,Tangarpali,Sundargarh,22.0895481,83.9439536,INDEXED,NOT_VERIFIED,Geocoded,OpenStreetMap/Nominatim
